{
    "js/xfh/hide/editor.js": "9c461b83815f8ade71860aac042121c5ed657f7931f26542675df225e6037ea2",
    "js/xfh/hide/editor.min.js": "30e86829723cd1c9bf18f5b99579ef1915a8e1ef2ea1fca65bb645c1c9764287",
    "src/addons/XFH/Hide/addon.json": "63749d357c3c7cbd9d53866a4e3289ac670fa962fd08f3b49882d5ba544ab6ee",
    "src/addons/XFH/Hide/BbCode/AbstractTag.php": "194cea361ab7c493ef1209af1f5de14bb7c5484d2dc4c8db8e55172c831e5652",
    "src/addons/XFH/Hide/BbCode/Tags/Hide.php": "ae980baab5cb0e34574e929b9df8857c362d1d30e006ac09374972b651cb5e58",
    "src/addons/XFH/Hide/BbCode/Tags/HideDays.php": "de44fb195bcbbf278c48bfc281f836430228cf5d35e4e909c119533fc91596bd",
    "src/addons/XFH/Hide/BbCode/Tags/HideLikes.php": "9b375fc00dc3418c011c7abd2a3dcaa18ee05299e172f58957adac6f32f0b5ae",
    "src/addons/XFH/Hide/BbCode/Tags/HidePosts.php": "ea4a72a41e526f335f9f93374366b5fa991f53a61a3a61d419b4f7e697fd3c68",
    "src/addons/XFH/Hide/BbCode/Tags/HideStaff.php": "1e7a62a897b52485cc13e360b47babdc560cafa4e18fa5e181eecfa75d5c0489",
    "src/addons/XFH/Hide/BbCode/Tags/HideUsers.php": "546e7d7b71d91f88d13ac451d34063ced98a9fc1c784f6709e2b162278fc65e6",
    "src/addons/XFH/Hide/BbCode/Tags/HideUsersExc.php": "2ae8c433fe244907e2edc8398a06428f7d104dc912b1899f00ef05766d8c43e1",
    "src/addons/XFH/Hide/icon.png": "420978969dfeeb6b9882bce8e2a7d0960d0fa715e1f80d20ce8558f112175475",
    "src/addons/XFH/Hide/Listener.php": "a0da95cd54e9abbb80d430eb5c7d64d8d1f896bcc30c3dc79151db66c2c6613d",
    "src/addons/XFH/Hide/Setup.php": "e7b5ff338739bdf26cc3a5455d6c06929939aea3a38ab3efa05663e73a4ed2b2",
    "src/addons/XFH/Hide/_data/activity_summary_definitions.xml": "99d8c2563a31320d66f958fc8bda78613545f5f7959bb3cf5318805e3a3c39d2",
    "src/addons/XFH/Hide/_data/admin_navigation.xml": "064ec797484ac00d5ee37367b50b06846d11f480d00550997712707f8fdac8c0",
    "src/addons/XFH/Hide/_data/admin_permission.xml": "ec6fb97cebf0bceb24f1ed1d5778c1db54eeb7535fbb3e31d824840e7aa9ff87",
    "src/addons/XFH/Hide/_data/advertising_positions.xml": "d2f7cbe844bb1df3cf878d22ff6306249245c8ff6b0b87b9b729744bec538261",
    "src/addons/XFH/Hide/_data/api_scopes.xml": "6793eaf758f140e8137187ba20e65f4faccf53410433ae3ad7a8b3b38cb6b3b7",
    "src/addons/XFH/Hide/_data/bb_codes.xml": "f5368ca950d932232d5589a4b53e816c079d06c69f2a08711cb376306fdb1499",
    "src/addons/XFH/Hide/_data/bb_code_media_sites.xml": "29762987990187b33e43cfb68c08dc917b2d3f0176613d78f8e6c453f82da3f3",
    "src/addons/XFH/Hide/_data/class_extensions.xml": "1f548b8006e9952a3f5889f71e09fdfa6726ac1a47c1af7b2626d1a88920d5a4",
    "src/addons/XFH/Hide/_data/code_events.xml": "8370dec3df47f91df4cf79da253446ad11b29f4ea568fe76c774e97a0379f0eb",
    "src/addons/XFH/Hide/_data/code_event_listeners.xml": "4c88ab77cec1edfbc637b24dc59cd47b8601098cbed8e244945c842c8da10687",
    "src/addons/XFH/Hide/_data/content_type_fields.xml": "c7ad5472b28f465b7ac7617627707eba1b7a39d28089460d52e1ed292fc0b06a",
    "src/addons/XFH/Hide/_data/cron.xml": "323c4284742ef24329cd6db6f288eb9736d2353f36852e1db12591e1583aea26",
    "src/addons/XFH/Hide/_data/help_pages.xml": "a8a0c0b06cdc550438bc8a8d385af3e1e5ab3459877dfb934c1c31be59c89163",
    "src/addons/XFH/Hide/_data/member_stats.xml": "89fb2b93ff1eca7a1f6f752248edf6090dfd24037db1446fd18ff7143f08124d",
    "src/addons/XFH/Hide/_data/navigation.xml": "f75e1c03a45a360bbdfcd0567121665082315068475d5b0feb8b1acbb1688651",
    "src/addons/XFH/Hide/_data/options.xml": "1cea29aa5671733d85c8fc6f7c66128eacbca5643cbb38585eb82002879b51a4",
    "src/addons/XFH/Hide/_data/option_groups.xml": "154d7a89664b243d0bd8227c22e241f934bf7e196c83230ee23d3c0c4fba1333",
    "src/addons/XFH/Hide/_data/permissions.xml": "e18c6588961137f1cb8b6d013b14c49de40a69e7669acb3c4cb03bdb3ec48a37",
    "src/addons/XFH/Hide/_data/permission_interface_groups.xml": "d80be60b74ee1f44dca552a6e12718fc3219b6d6d4835dab95447e00646f57c2",
    "src/addons/XFH/Hide/_data/phrases.xml": "6c65f52033a05ff02342302b1133fd883156c3e4957ad35c90d53cb2ca50558e",
    "src/addons/XFH/Hide/_data/routes.xml": "550fa64f9feedf137dd877b38c2684f94474619d2d83890dbb717a91b50da8f5",
    "src/addons/XFH/Hide/_data/style_properties.xml": "8b8690a8512f01f219dd2da76e3d0c5f62afc1f317b87794a7331c859c36a7a8",
    "src/addons/XFH/Hide/_data/style_property_groups.xml": "68e1879cb3846c42d978487aa8d5145ff3335fc39e58016878824d5cf3fd684c",
    "src/addons/XFH/Hide/_data/templates.xml": "b4dc746b565f877066ebe150f3aceed5f65ab10c4881c3dc8b8549b948ea7870",
    "src/addons/XFH/Hide/_data/template_modifications.xml": "99bb2461831b8d460f45261441fb087d32464e3754c658e88a1ea921817ae84e",
    "src/addons/XFH/Hide/_data/widget_definitions.xml": "37e46965256430f24004c2e7f08ba08f9b0d1cbcc4d70e84b3f4e3ffb713e64b",
    "src/addons/XFH/Hide/_data/widget_positions.xml": "a29cee66134f6bc5d75ed9df1eef21096c24401915c5b5c774389c3d7bb2d5b3"
}