<?xml version="1.0" encoding="utf-8"?>
<bb_codes>
  <bb_code bb_code_id="days" bb_code_mode="callback" has_option="yes" callback_class="XFH\Hide\BbCode\Tags\HideDays" callback_method="render" trim_lines_after="0" plain_children="0" disable_smilies="0" disable_nl2br="1" disable_autolink="0" allow_empty="0" allow_signature="1" editor_icon_type="fa" editor_icon_value="fas fa-calendar fa-fw" active="1">
    <replace_html><![CDATA[]]></replace_html>
    <replace_html_email><![CDATA[]]></replace_html_email>
    <replace_text><![CDATA[]]></replace_text>
  </bb_code>
  <bb_code bb_code_id="likes" bb_code_mode="callback" has_option="yes" callback_class="XFH\Hide\BbCode\Tags\HideLikes" callback_method="render" trim_lines_after="0" plain_children="0" disable_smilies="0" disable_nl2br="1" disable_autolink="0" allow_empty="0" allow_signature="1" editor_icon_type="fa" editor_icon_value="fas fa-heart fa-fw" active="1">
    <replace_html><![CDATA[]]></replace_html>
    <replace_html_email><![CDATA[]]></replace_html_email>
    <replace_text><![CDATA[]]></replace_text>
  </bb_code>
  <bb_code bb_code_id="posts" bb_code_mode="callback" has_option="yes" callback_class="XFH\Hide\BbCode\Tags\HidePosts" callback_method="render" trim_lines_after="0" plain_children="0" disable_smilies="0" disable_nl2br="1" disable_autolink="0" allow_empty="0" allow_signature="1" editor_icon_type="fa" editor_icon_value="fas fa-comment-dots fa-fw" active="1">
    <replace_html><![CDATA[]]></replace_html>
    <replace_html_email><![CDATA[]]></replace_html_email>
    <replace_text><![CDATA[]]></replace_text>
  </bb_code>
  <bb_code bb_code_id="staff" bb_code_mode="callback" has_option="no" callback_class="XFH\Hide\BbCode\Tags\HideStaff" callback_method="render" trim_lines_after="0" plain_children="0" disable_smilies="0" disable_nl2br="1" disable_autolink="0" allow_empty="0" allow_signature="1" editor_icon_type="fa" editor_icon_value="fas fa-user-ninja fa-fw" active="1">
    <replace_html><![CDATA[]]></replace_html>
    <replace_html_email><![CDATA[]]></replace_html_email>
    <replace_text><![CDATA[]]></replace_text>
  </bb_code>
  <bb_code bb_code_id="users" bb_code_mode="callback" has_option="yes" callback_class="XFH\Hide\BbCode\Tags\HideUsers" callback_method="render" trim_lines_after="0" plain_children="0" disable_smilies="0" disable_nl2br="1" disable_autolink="0" allow_empty="0" allow_signature="1" editor_icon_type="fa" editor_icon_value="fas fa-user-shield fa-fw" active="1">
    <replace_html><![CDATA[]]></replace_html>
    <replace_html_email><![CDATA[]]></replace_html_email>
    <replace_text><![CDATA[]]></replace_text>
  </bb_code>
  <bb_code bb_code_id="usersexc" bb_code_mode="callback" has_option="yes" callback_class="XFH\Hide\BbCode\Tags\HideUsersExc" callback_method="render" trim_lines_after="0" plain_children="0" disable_smilies="0" disable_nl2br="1" disable_autolink="0" allow_empty="0" allow_signature="1" editor_icon_type="fa" editor_icon_value="fas fa-user-minus fa-fw" active="1">
    <replace_html><![CDATA[]]></replace_html>
    <replace_html_email><![CDATA[]]></replace_html_email>
    <replace_text><![CDATA[]]></replace_text>
  </bb_code>
</bb_codes>
