<?xml version="1.0" encoding="utf-8"?>
<template_modifications>
  <modification type="public" template="editor" modification_key="xfh_hide_adding_js_into_editor" execution_order="10" enabled="1" action="str_replace">
    <find><![CDATA[<!--[XF:include_js]-->]]></find>
    <replace><![CDATA[$0
<xf:js src="xfh/hide/editor.js" addon="XFH/Hide" min="1" />

<script class="js-xfhHideTags" type="application/json">{$xfhHideTags|json|raw}</script>]]></replace>
  </modification>
</template_modifications>
